Users,Category
France gov,Countries
USA gov,Countries
Chine gov,Countries
Kazakstan gov,Countries
El salvador gov,Countries
United States gov,Countries
Japan gov,Countries
India gov,Countries
United Kingdom gov,Countries
Brazil gov,Countries
Indonesia gov,Countries
Turkey gov,Countries
Saudi Arabia gov,Countries
Mexico gov,Countries
Thailand gov,Countries
France gov,Countries
Philippines gov,Countries
Spain gov,Countries
Germany gov,Countries
Canada gov,Countries
Nigeria gov,Countries
Kenya gov,Countries
Vietnam gov,Countries
Pakistan gov,Countries
Ukraine gov,Countries
Vénézuela gov,Countries
Togo gov,Countries
Argentina gov,Countries
Colombia gov,Countries
South Africa gov,Countries
Russia gov,Countries
Ghana gov,Countries
Tanzania gov,Countries
Afghanistan gov,Countries
Joe Biden,Presidents
Macron,Presidents
Barack Obama,Presidents
Vladimir Poutine,Presidents
Recep Tayyip Erdogan,Presidents
Angela Merkel,Presidents
Theresa May,Presidents
Boris Johnson,Presidents
Xi Jinping,Presidents
Shinzo Abe,Presidents
Ram Nath Kovind,Presidents
Jair Bolsonaro,Presidents
Joko Widodo,Presidents
Recep Tayyip Erdoğan,Presidents
Mohammed ben Salmane,Presidents
Andrés Manuel López Obrador,Presidents
Rodrigo Duterte,Presidents
Pedro Sánchez,Presidents
Frank-Walter Steinmeier,Presidents
Justin Trudeau,Presidents
Muhammadu Buhari,Presidents
Uhuru Kenyatta,Presidents
Nguyễn Xuân Phúc,Presidents
Arif Alvi,Presidents
Volodymyr Zelensky,Presidents
Juan Guaido,Presidents
Faure Gnassingbé,Presidents
Alberto Fernández,Presidents
Iván Duque Márquez,Presidents
Cyril Ramaphosa,Presidents
Nana Akufo-Addo,Presidents
Samia Suluhu Hassan,Presidents
Ashraf Ghani,Presidents
Franck Riester,Political figures
Jean-Baptiste Lemoyne,Political figures
Clément Beaune,Political figures
Barbara Pompili,Political figures
Emmanuelle Wargon,Political figures
Jean-Baptiste Djebbari,Political figures
Bérangère Abba,Political figures
Jean-Michel Blanquer,Political figures
Roxana Maracineanu,Political figures
Nathalie Élimas,Political figures
Sarah El Haïry,Political figures
Bruno Le Maire,Political figures
Olivier Dussopt,Political figures
Agnès Pannier-Runacher,Political figures
Cédric O,Political figures
Olivia Grégoire,Political figures
Florence Parly,Political figures
Geneviève Darrieussecq,Political figures
Gérald Darmanin,Political figures
Marlène Schiappa,Political figures
Élisabeth Borne,Political figures
Brigitte Klinkert,Political figures
Laurent Pietraszewski,Political figures
Sébastien Lecornu,Political figures
Jacqueline Gourault,Political figures
Nadia Hai,Political figures
Joël Giraud,Political figures
Éric Dupond-Moretti,Political figures
Roselyne Bachelot,Political figures
Olivier Véran,Political figures
Brigitte Bourguignon,Political figures
Adrien Taquet,Political figures
Annick Girardin,Political figures
Frédérique Vidal,Political figures
Julien Denormandie,Political figures
Amélie de Montchalin,Political figures
FrancoisFillon,Political figures
CecileDuflot,Political figures
JY_LeDrian,Political figures
ChTaubira,Political figures
EPhilippe_LH,Political figures
partisocialiste,Political figures
f_philippot,Political figures
manuelvalls,Political figures
vpecresse,Political figures
CNN Breaking News,Journalists / Media
Sky,Journalists / Media
BBC,Journalists / Media
NBC,Journalists / Media
CBS,Journalists / Media
ABC,Journalists / Media
Fox,Journalists / Media
The CW,Journalists / Media
Bloomberg,Journalists / Media
Bloomberg Economics,Journalists / Media
MITEcon,Journalists / Media
JPubEcon,Journalists / Media
LSEnews,Journalists / Media
EricMorath,Journalists / Media
EP_Economics,Journalists / Media
PIIE,Journalists / Media
PSEinfo,Journalists / Media
WSJecon,Journalists / Media
NEF,Journalists / Media
economics_ma,Journalists / Media
wu_vienna,Journalists / Media
PrincetonEcon,Journalists / Media
ING_economics,Journalists / Media
YahooFinance,Journalists / Media
FinMinIndia,Journalists / Media
FinMinNigeria,Journalists / Media
BBCBusiness,Journalists / Media
DOF_PH,Journalists / Media
MOFKSA,Journalists / Media
JofFinance,Journalists / Media
IFC_org,Journalists / Media
Onfinance,Journalists / Media
business,Journalists / Media
BloombergTV,Journalists / Media
MikeBloomberg,Journalists / Media
BloombergUK,Journalists / Media
Quicktake,Journalists / Media
BGOV,Journalists / Media
Blaw,Journalists / Media
bpolitics,Journalists / Media
BW,Journalists / Media
bopinion,Journalists / Media
markets,Journalists / Media
brutofficiel,Journalists / Media
Le_Figaro,Journalists / Media
MonsieurDream,Journalists / Media
BFMParis,Journalists / Media
le_Parisien,Journalists / Media
Mediavenir,Journalists / Media
LesEchos,Journalists / Media
franceinter,Journalists / Media
Qofficiel,Journalists / Media
canardenchaine,Journalists / Media
lobs,Journalists / Media
afpfr,Journalists / Media
lemondefr,Journalists / Media
libe,Journalists / Media
renaudpila,Journalists / Media
Elon Musk,Famous founders
Jeff Bezos,Famous founders
Daniel Ek,Famous founders
Mark Zuckerberg,Famous founders
Brian Chesky,Famous founders
Katrina Lake,Famous founders
Travis Kalanick,Famous founders
Jack Dorsey,Famous founders
Bill Gates,Famous founders
Peter Thiel,Famous founders
Angela Ahrendts,Famous founders
Bernard Arnaud,Famous founders
Barbara Corcoran,Famous founders
Amancio Ortega,Famous founders
Alice Walton,Famous founders
Tim Cook,Famous founders
Sundar Pichai,Famous founders
Larry Page,Famous founders
Susan Wojcicki,Famous founders
Donald Trump,Famous founders
Pierre Hermé,Famous founders
Isabel Marant,Famous founders
Jean Nouvel,Famous founders
Dominique Cren,Famous founders
Joël Robuchon,Famous founders
André Choulika,Famous founders
Xavier Niel,Famous founders
Laetitia Garriott de Cayeux,Famous founders
Judith Milgrom,Famous founders
Evelyne Chetrite,Famous founders
Quentin Sannié,Famous founders
Vanessa Seward,Famous founders
Cécile Schmollgruber,Famous founders
Thierry Despont,Famous founders
Aurélie Bidermann,Famous founders
Alexandra Mentzelopoulos,Famous founders
DujunX,Famous founders
saylor,Famous founders
richardbranson,Famous founders
jattali,Famous founders
jeffweiner,Famous founders
marissamayer,Famous founders
Justin Bieber,Artists/Personnalities
Katy Perry,Artists/Personnalities
Rihanna,Artists/Personnalities
Christian Ronaldo,Artists/Personnalities
Taylor Swift,Artists/Personnalities
Ariana Grande,Artists/Personnalities
Lady Gaga,Artists/Personnalities
Ellen DeGeneres,Artists/Personnalities
Narendra Modi,Artists/Personnalities
Kim Kardashian West,Artists/Personnalities
Selena Gomez,Artists/Personnalities
Justin Timberlake,Artists/Personnalities
Britney Spears,Artists/Personnalities
Demi Lovato,Artists/Personnalities
Shack O'neil,Artists/Personnalities
Nyjah Huston,Artists/Personnalities
Gary Neville,Artists/Personnalities
Paul Scholes,Artists/Personnalities
Peter Lim,Artists/Personnalities
Seb_Frit,Artists/Personnalities
idrissaberkane,Artists/Personnalities
JoycaOff,Artists/Personnalities
Vitalik Buterin,Cryto Influencer
Roger Ver,Cryto Influencer
Andreas Antonopoulos,Cryto Influencer
Tim Draper,Cryto Influencer
Charlie Lee,Cryto Influencer
Anthony Pompliano,Cryto Influencer
Erik Voorhees,Cryto Influencer
Tone Vays,Cryto Influencer
John McAfee,Cryto Influencer
Ivan on Tech,Cryto Influencer
CryptoBrekkie,Cryto Influencer
Dan Held ,Cryto Influencer
Layah Heilpern,Cryto Influencer
Kenn Bosak,Cryto Influencer
Ben Horowitz,Cryto Influencer
Ben Armstrong,Cryto Influencer
Adam Back,Cryto Influencer
Alena Vranova,Cryto Influencer
Amber Baldet,Cryto Influencer
Ameer Rosic,Cryto Influencer
Arcane Bear,Cryto Influencer
Ari Paul,Cryto Influencer
Bad Crypto Podcast,Cryto Influencer
Barry Silbert,Cryto Influencer
Bitcoin Fund Manager,Cryto Influencer
Bitcoin Podcast Network,Cryto Influencer
Blockchain Insider,Cryto Influencer
Brendan Eich,Cryto Influencer
Brian Armstrong,Cryto Influencer
Cameron Winklevoss,Cryto Influencer
Charles Hoskinson,Cryto Influencer
Charlie Shrem,Cryto Influencer
Chris Burniske,Cryto Influencer
Chris DeRoser,Cryto Influencer
Chris Dixon,Cryto Influencer
Chris Dunn ,Cryto Influencer
Chris Herd,Cryto Influencer
Clay Colllins,Cryto Influencer
Coin Mastery,Cryto Influencer
Crypto 101,Cryto Influencer
Crypto bobby,Cryto Influencer
Crypto Daily,Cryto Influencer
Crypto Investor,Cryto Influencer
Crypto Love,Cryto Influencer
Crypto Oracle,Cryto Influencer
Crypto Tips,Cryto Influencer
CryptoBud,Cryto Influencer
CryptoPortofolio,Cryto Influencer
Cryptosomniac,Cryto Influencer
Dan Morehead,Cryto Influencer
Daniel Jeffries,Cryto Influencer
Daniel Larimer,Cryto Influencer
Dave Balter,Cryto Influencer
David Gilbertson,Cryto Influencer
David Hay,Cryto Influencer
Decentralized TV,Cryto Influencer
Don Tapscott,Cryto Influencer
Doug Polk,Cryto Influencer
Dr. Julian Hosp,Cryto Influencer
Elizabeth Stark,Cryto Influencer
Epicenter,Cryto Influencer
Erik Voorhees,Cryto Influencer
Francis Hunt,Cryto Influencer
Fred Ehrsam,Cryto Influencer
Frederick Munawa,Cryto Influencer
Garry Tan,Cryto Influencer
Gavin Andresen,Cryto Influencer
Ian Balina,Cryto Influencer
ICO Alert,Cryto Influencer
Ivan on Tech,Cryto Influencer
J. Dax Hansen ,Cryto Influencer
Jack Morse,Cryto Influencer
Jeff Kauflin,Cryto Influencer
Jesse Walden,Cryto Influencer
Jimmy Song,Cryto Influencer
Joseph Lubin,Cryto Influencer
Joseph Young,Cryto Influencer
Kathryn Haun,Cryto Influencer
Laura Shin,Cryto Influencer
LedgerCast,Cryto Influencer
Let's Talk Bitcoin,Cryto Influencer
Lily Katz,Cryto Influencer
Linda Xie,Cryto Influencer
Lou Kerner,Cryto Influencer
Louis Thomas,Cryto Influencer
Matthew Walsh,Cryto Influencer
Meltem Demirors,Cryto Influencer
Michael Gu,Cryto Influencer
Michael Novogratz,Cryto Influencer
Nathaniel Popper,Cryto Influencer
Neha Narula,Cryto Influencer
Nicholas Merten,Cryto Influencer
Nick Szabo,Cryto Influencer
Omar Bham,Cryto Influencer
Paul Vigna,Cryto Influencer
Perianne Boring,Cryto Influencer
Pieter Wuille,Cryto Influencer
Rachel Wolfson,Cryto Influencer
Ran Neuner,Cryto Influencer
Ravinder Deol,Cryto Influencer
Richard Heart,Cryto Influencer
Sarah Hodges,Cryto Influencer
School of Crypto,Cryto Influencer
Stefano Bernardi,Cryto Influencer
Sunny Decree,Cryto Influencer
Suppoman,Cryto Influencer
The Blockchain Show,Cryto Influencer
The Chart Guys,Cryto Influencer
The Crypto Lark,Cryto Influencer
Thomas Hunt,Cryto Influencer
Tone Vays,Cryto Influencer
Tyler Winklevoss,Cryto Influencer
Vinny Lingham,Cryto Influencer
Vitalik Buterin,Cryto Influencer
PlanB,Cryto Influencer
Luciano,Cryto Influencer
Rachel Voss,Cryto Influencer
Dan Held,Cryto Influencer
CryptoBro,Cryto Influencer
Tyler Winklevoss,Cryto Influencer
Robert Dobbs,Cryto Influencer
Juli Crypto,Cryto Influencer
Beniamin Mincu,Cryto Influencer
Peter Schiff,Cryto Influencer
Lark Davis,Cryto Influencer
Rekt Capital,Cryto Influencer
XRP Bro,Cryto Influencer
David Gokhshtein,Cryto Influencer
Mario,Cryto Influencer
TheCryptoDog,Cryto Influencer
TheMoon,Cryto Influencer
CRYPTOBURB,Cryto Influencer
Crypto Explorer,Cryto Influencer
Michaël van de Poppe,Cryto Influencer
Anthony Scaramucci,Cryto Influencer
Matt Wallace,Cryto Influencer
Willy Woo,Cryto Influencer
Will Clemente,Cryto Influencer
Dan Gambardello,Cryto Influencer
Alex Becker,Cryto Influencer
Mia Crypto,Cryto Influencer
Erik Voorhees,Cryto Influencer
The Wolf of All Streets,Cryto Influencer
Ash WSB,Cryto Influencer
Benjamin Cowen,Cryto Influencer
TRex Crypto,Cryto Influencer
Johnny (cryptogodjohn),Cryto Influencer
Ran Neuner,Cryto Influencer
Girl Gone Crypto,Cryto Influencer
Pentosh1,Cryto Influencer
Crypto Ape,Cryto Influencer
Barby Crypto,Cryto Influencer
Itsallrisky,Cryto Influencer
Aleksandra Huk,Cryto Influencer
roham,Cryto Influencer
BCE,Institutions & Banques
FED,Institutions & Banques
FMI,Institutions & Banques
IBRD International Bank for Reconstruction and Development,Institutions & Banques
IFC International Financial Corporation,Institutions & Banques
AID Association internationale de développement, Institutions & Banques
CIRDI Centre international pour le règlement des différends relatifs aux investissements,Institutions & Banques
AMGI Agence multilatérale de garantie des investissements, Institutions & Banques
Accords du General agreement on tariffs and trade qui seront la base de la création de l'OMC en 1995,Institutions & Banques
BID Banque interaméricaine de développement,Institutions & Banques
BAD Banque africaine de développement,Institutions & Banques
BAsD Banque asiatique de développement,Institutions & Banques
BERD Banque européenne pour la reconstruction et le développement,Institutions & Banques
BDCE Banque de développement du Conseil de l'Europe,Institutions & Banques
BOAD Banque ouest-africaine de développement,Institutions & Banques
BDEAC Banque de développement des États de l'Afrique Centrale,Institutions & Banques
BCE Banque centrale européenne,Institutions & Banques
BRI Banque des règlements internationaux,Institutions & Banques
Association des Banques Centrales Africaines (ABCA),Institutions & Banques
BEI Banque européenne d'investissement,Institutions & Banques
Banque de développement de la Mer Noire,Institutions & Banques
Banque Internationale d'Investissement du Comecon,Institutions & Banques
Banque islamique de développement,Institutions & Banques
Banque nordique d'investissement,Institutions & Banques
BNP Paribas,Institutions & Banques
Credit mutuel,Institutions & Banques
Industrial and Commercial Bank of China (ICBC),Institutions & Banques
China Construction Bank Corporation,Institutions & Banques
Agricultural Bank of China,Institutions & Banques
Bank of China ltd,Institutions & Banques
JPMorgan Chase,Institutions & Banques
Mitsubishi UFJ Financial Group,Institutions & Banques
Bank of America (BoA),Institutions & Banques
HSBC,Institutions & Banques
Crédit Agricole,Institutions & Banques
Citigroup,Institutions & Banques
Sumitomo Mitsui Financial Group,Institutions & Banques
Japan Post Bank,Institutions & Banques
Mizuho Financial Group,Institutions & Banques
Wells Fargo & Co.,Institutions & Banques
Banko Santander,Institutions & Banques
Societe Generale,Institutions & Banques
Postal Savings Bank of China,Institutions & Banques
Groupe BPCE,Institutions & Banques
Deutsche Bank,Institutions & Banques
U.S. Securities and Exchange Commission,Institutions & Banques
Goldman Sachs,Institutions & Banques
Natixis,Institutions & Banques
AMF Autorité des marchés financiers,Institutions & Banques
Interieur_Gouv,Institutions & Banques
Elysee,Institutions & Banques
BlackRock,Gestionnaires d'actifs
Vanguard Group,Gestionnaires d'actifs
Fidelity Investments,Gestionnaires d'actifs
State Street Group,Gestionnaires d'actifs
Allianz Group,Gestionnaires d'actifs
J.P. Morgan Chase,Gestionnaires d'actifs
Capital Group,Gestionnaires d'actifs
BNY Mellon,Gestionnaires d'actifs
Goldman Sachs Group,Gestionnaires d'actifs
Amundi,Gestionnaires d'actifs
Legal & General Group,Gestionnaires d'actifs
Prudential Financial ,Gestionnaires d'actifs
UBS  ,Gestionnaires d'actifs
Franklin Templeton,Gestionnaires d'actifs
Morgan Stanley,Gestionnaires d'actifs
T. Rowe Price,Gestionnaires d'actifs
Wells Fargo,Gestionnaires d'actifs
BNP Paribas,Gestionnaires d'actifs
Northern Trust,Gestionnaires d'actifs
Natixis Investment Managers,Gestionnaires d'actifs
South Africa Allan Gray,Gestionnaires d'actifs
Israel Clarity Capital,Gestionnaires d'actifs
South Africa Coronation Fund Managers,Gestionnaires d'actifs
Egypt EFG Hermes,Gestionnaires d'actifs
Nigeria First City Monument Bank,Gestionnaires d'actifs
Kuwait Global Investment House,Gestionnaires d'actifs
Bahrain Investcorp,Gestionnaires d'actifs
Nigeria Investment One,Gestionnaires d'actifs
Saudi Arabia Kingdom Holding Company,Gestionnaires d'actifs
Kuwait NBK Capital,Gestionnaires d'actifs
South Africa Old Mutual,Gestionnaires d'actifs
South Africa Sanlam,Gestionnaires d'actifs
South Africa STANLIB,Gestionnaires d'actifs
Kenya UAP Old Mutual Holdings,Gestionnaires d'actifs
Americas[edit],Gestionnaires d'actifs
United States AdvisorShares,Gestionnaires d'actifs
United States Affiliated Managers Group,Gestionnaires d'actifs
United States AllianceBernstein,Gestionnaires d'actifs
United States American Century Investments,Gestionnaires d'actifs
United States Ameriprise Financial,Gestionnaires d'actifs
United States AQR Capital,Gestionnaires d'actifs
United States Barings LLC,Gestionnaires d'actifs
United States BlackRock,Gestionnaires d'actifs
United States Blackstone,Gestionnaires d'actifs
United States BNY Mellon Investment Management,Gestionnaires d'actifs
United States Bridgewater Associates,Gestionnaires d'actifs
Canada Brookfield Asset Management,Gestionnaires d'actifs
United States Calamos Investments,Gestionnaires d'actifs
United States Cambridge Associates,Gestionnaires d'actifs
United States Cambridge Investment Research,Gestionnaires d'actifs
United States Capital Group Companies,Gestionnaires d'actifs
United States Charles Schwab Corporation,Gestionnaires d'actifs
Canada CI Financial,Gestionnaires d'actifs
United States Columbia Threadneedle Investments,Gestionnaires d'actifs
United States Conning,Gestionnaires d'actifs
United States Dimensional Fund Advisors,Gestionnaires d'actifs
United States Dodge & Cox,Gestionnaires d'actifs
United States Dreyfus Corporation,Gestionnaires d'actifs
United States Eaton Vance,Gestionnaires d'actifs
United States Edward Jones Investments,Gestionnaires d'actifs
United States Federated Hermes,Gestionnaires d'actifs
United States Fidelity Investments,Gestionnaires d'actifs
United States Fisher Investments,Gestionnaires d'actifs
United States Franklin Templeton Investments,Gestionnaires d'actifs
United States GAMCO Investors,Gestionnaires d'actifs
Canada GBC Asset Management,Gestionnaires d'actifs
United States Geode Capital Management,Gestionnaires d'actifs
Canada Gluskin Sheff,Gestionnaires d'actifs
Canada Guardian Capital Group,Gestionnaires d'actifs
United States Harbert Management Corporation,Gestionnaires d'actifs
United States Harris Associates,Gestionnaires d'actifs
United States Hartford,Gestionnaires d'actifs
United States Invesco,Gestionnaires d'actifs
United States J. & W. Seligman & Co.,Gestionnaires d'actifs
United States Janus Capital Group,Gestionnaires d'actifs
United States Knight Vinke Asset Management,Gestionnaires d'actifs
United States Legg Mason,Gestionnaires d'actifs
United States Loomis Sayles & Company,Gestionnaires d'actifs
United States Lord Abbett,Gestionnaires d'actifs
Canada Mackenzie Investments,Gestionnaires d'actifs
Canada Manulife Investment Management,Gestionnaires d'actifs
United States Merrill,Gestionnaires d'actifs
United States MFS Investment Management,Gestionnaires d'actifs
United States Natixis Investment Managers,Gestionnaires d'actifs
United States Neuberger Berman,Gestionnaires d'actifs
United States New York Life Investment Management,Gestionnaires d'actifs
United States Northwestern Mutual,Gestionnaires d'actifs
United States Northern Trust,Gestionnaires d'actifs
United States Nuveen Investments,Gestionnaires d'actifs
United States Oaktree Capital Management,Gestionnaires d'actifs
United States Payden & Rygel,Gestionnaires d'actifs
United States PGIM,Gestionnaires d'actifs
United States PIMCO,Gestionnaires d'actifs
Canada Power Financial,Gestionnaires d'actifs
United States Principal Financial Group,Gestionnaires d'actifs
United States Putnam Investments,Gestionnaires d'actifs
United States RLJ Companies,Gestionnaires d'actifs
United States Ruane Cunniff & Goldfarb,Gestionnaires d'actifs
United States Russell Investments,Gestionnaires d'actifs
Canada Sprucegrove Investment Management,Gestionnaires d'actifs
United States State Street Global Advisors,Gestionnaires d'actifs
Canada Sun Life Financial,Gestionnaires d'actifs
United States T. Rowe Price,Gestionnaires d'actifs
United States TCW Group,Gestionnaires d'actifs
United States TIAA,Gestionnaires d'actifs
United States Tsai Capital,Gestionnaires d'actifs
United States The Vanguard Group,Gestionnaires d'actifs
United States Virtus Investment Partners,Gestionnaires d'actifs
United States Waddell & Reed,Gestionnaires d'actifs
United States Walden Asset Management,Gestionnaires d'actifs
United States Wellington Management Company,Gestionnaires d'actifs
United States Wilshire Associates,Gestionnaires d'actifs
United States WisdomTree Investments,Gestionnaires d'actifs
Brazil XP Inc.,Gestionnaires d'actifs
Asia-Pacific[edit],Gestionnaires d'actifs
Malaysia Affin Hwang Capital,Gestionnaires d'actifs
Australia AMP Capital,Gestionnaires d'actifs
Hong Kong Asia Frontier Capital,Gestionnaires d'actifs
Japan Asset Management One,Gestionnaires d'actifs
Australia Australian Ethical Investment,Gestionnaires d'actifs
India Axis Mutual Fund,Gestionnaires d'actifs
Australia BetaShares,Gestionnaires d'actifs
India Aditya Birla Sun Life Asset Management,Gestionnaires d'actifs
Australia BT,Gestionnaires d'actifs
Malaysia Capital Dynamics,Gestionnaires d'actifs
China China Asset Management,Gestionnaires d'actifs
Australia Colonial First State,Gestionnaires d'actifs
Hong Kong E Fund Management,Gestionnaires d'actifs
Australia First Sentier Investors,Gestionnaires d'actifs
China Harvest Fund Management,Gestionnaires d'actifs
India ICICI Prudential Mutual Fund,Gestionnaires d'actifs
India IDFC Project Equity,Gestionnaires d'actifs
Australia IFM Investors,Gestionnaires d'actifs
Australia Investors Mutual Limited,Gestionnaires d'actifs
India Kotak Mutual Fund,Gestionnaires d'actifs
India L&T Mutual Fund,Gestionnaires d'actifs
Australia Macquarie Asset Management,Gestionnaires d'actifs
Australia Magellan Financial Group,Gestionnaires d'actifs
South Korea Mirae Asset Financial Group,Gestionnaires d'actifs
Japan Mitsubishi UFJ Trust and Banking Corporation,Gestionnaires d'actifs
Australia Perpetual Limited,Gestionnaires d'actifs
Australia Platinum Asset Management,Gestionnaires d'actifs
Australia Plenary Group,Gestionnaires d'actifs
India SBI Mutual Fund,Gestionnaires d'actifs
South Korea Shinhan Asset Management,Gestionnaires d'actifs
Japan Sumitomo Mitsui Trust Holdings,Gestionnaires d'actifs
India UTI Asset Management,Gestionnaires d'actifs
Hong Kong Value Partners,Gestionnaires d'actifs
Europe[edit],Gestionnaires d'actifs
United Kingdom Abrdn,Gestionnaires d'actifs
Netherlands Aegon N.V.,Gestionnaires d'actifs
United Kingdom Alliance Trust,Gestionnaires d'actifs
Germany Allianz Global Investors,Gestionnaires d'actifs
France Amundi,Gestionnaires d'actifs
Netherlands APG,Gestionnaires d'actifs
United Kingdom Ashmore Group,Gestionnaires d'actifs
United Kingdom Aviva Investors,Gestionnaires d'actifs
France AXA Investment Managers,Gestionnaires d'actifs
Italy Azimut Holding,Gestionnaires d'actifs
United Kingdom Baillie Gifford,Gestionnaires d'actifs
United Kingdom Bluebay Asset Management,Gestionnaires d'actifs
France BNP Paribas Asset Management,Gestionnaires d'actifs
United Kingdom Brewin Dolphin,Gestionnaires d'actifs
Luxembourg Candriam Investors Group,Gestionnaires d'actifs
United Kingdom The Children's Mutual,Gestionnaires d'actifs
United Kingdom Climate Change Capital,Gestionnaires d'actifs
Germany DekaBank,Gestionnaires d'actifs
Germany DWS Group,Gestionnaires d'actifs
United Kingdom Edinburgh Partners,Gestionnaires d'actifs
United Kingdom F&C Asset Management,Gestionnaires d'actifs
United Kingdom Fidelity International,Gestionnaires d'actifs
Switzerland Genevalor Benbassat & Cie,Gestionnaires d'actifs
United Kingdom Generation Investment Management,Gestionnaires d'actifs
United Kingdom Henderson Group,Gestionnaires d'actifs
United Kingdom Henderson New Star,Gestionnaires d'actifs
United Kingdom Insight Investment,Gestionnaires d'actifs
United Kingdom Invesco Perpetual,Gestionnaires d'actifs
United Kingdom Intelligent Money,Gestionnaires d'actifs
United Kingdom Janus Henderson,Gestionnaires d'actifs
United Kingdom Jupiter Fund Management,Gestionnaires d'actifs
Netherlands Van Lanschot Kempen,Gestionnaires d'actifs
France La Française Group,Gestionnaires d'actifs
United Kingdom Legal & General,Gestionnaires d'actifs
Liechtenstein LGT Group,Gestionnaires d'actifs
United Kingdom Liongate Capital Management,Gestionnaires d'actifs
United Kingdom M&G Investments,Gestionnaires d'actifs
United Kingdom Mercury Asset Management,Gestionnaires d'actifs
Switzerland Mirabaud Group,Gestionnaires d'actifs
United Kingdom Mondrian Investment Partners,Gestionnaires d'actifs
France Natixis Investment Managers,Gestionnaires d'actifs
United Kingdom Newton Investment Management,Gestionnaires d'actifs
Netherlands NN Investment Partners,Gestionnaires d'actifs
United Kingdom Old Mutual,Gestionnaires d'actifs
United Kingdom Rathbone Brothers,Gestionnaires d'actifs
Switzerland Lombard Odier,Gestionnaires d'actifs
Netherlands Robeco,Gestionnaires d'actifs
United Kingdom Royal London Asset Management,Gestionnaires d'actifs
United Kingdom Schroders,Gestionnaires d'actifs
United Kingdom Scottish Mortgage Investment Trust,Gestionnaires d'actifs
United Kingdom Scottish Widows,Gestionnaires d'actifs
Norway Skagen Funds,Gestionnaires d'actifs
Iceland Stodir,Gestionnaires d'actifs
Austria Superfund Group,Gestionnaires d'actifs
Switzerland Swiss Life Asset Managers,Gestionnaires d'actifs
United Kingdom Tilney Ltd.,Gestionnaires d'actifs
Germany Union Investment,Gestionnaires d'actifs
Christine Lagarde,Dirigeants de banques et institutions
Kristalina Georgieva,Dirigeants de banques et institutions
cz_binance,Spécialistes crypto
CoinMarketCap,Spécialistes crypto
coinbase,Spécialistes crypto
BinanceChain,Spécialistes crypto
Income Sharks,Spécialistes crypto
Wu Blockchain,Spécialistes crypto
Anthony Pompiliano,Spécialistes crypto
Notsofast,Spécialistes crypto
Lex Moskovski,Spécialistes crypto
CheckMatay,Spécialistes crypto
DujunX,Spécialistes crypto
MattWallace888,Spécialistes crypto
Coin Base,Crypto compagnies
Gemini,Crypto compagnies
Cryptocom,Crypto compagnies
eToro,Crypto compagnies
Binance,Crypto compagnies
Kraken,Crypto compagnies
BlockFi,Crypto compagnies
FTX us,Crypto compagnies
Robinhood,Crypto compagnies
TradeStation,Crypto compagnies
Webull,Crypto compagnies
BTCTN,Crypto compagnies
CoinDesk,Crypto compagnies
BitcoinMagazine,Crypto compagnies
krakenfx,Crypto compagnies
CoinbaseExch,Crypto compagnies
CoinMarketCap,Crypto compagnies
BNBCHAIN,Crypto compagnies
HuobiGlobal,Crypto compagnies
okx,Crypto compagnies
gate_io,Crypto compagnies
TrustWallet,Crypto compagnies
bitfinex,Crypto compagnies
coingecko,Crypto compagnies
justinsuntron,Crypto compagnies
Hotbit_news,Crypto compagnies
MEXC_Global,Crypto compagnies
gate_io,Crypto compagnies
Poloniex,Crypto compagnies
Bybit_Official,Crypto compagnies
Bitstamp,Crypto compagnies
blockchain,Crypto compagnies
trondao,Crypto compagnies
100trillionUSD,Crypto compagnies
dogecoin_devs,Crypto compagnies
BillyM2k,Crypto compagnies
safemoon,Crypto compagnies
BabyDogeCoin,Crypto compagnies
DogecoinRise,Crypto compagnies
ShibainuCoin,Crypto compagnies
DogecoinRide,Crypto compagnies
phantom,Crypto compagnies
RaydiumProtocol,Crypto compagnies
MetaMask,Crypto compagnies
aeyakovenko,Crypto compagnies
ProjectSerum,Crypto compagnies
SolanartNFT,Crypto compagnies
CashApp,Crypto compagnies
dapperlabs,Crypto compagnies
flow_blockchain,Crypto compagnies
Luciano,PlanB
Rachel Voss,PlanB
Dan Held,PlanB
CryptoBro,PlanB
Tyler Winklevoss,PlanB
Robert Dobbs,PlanB
Juli Crypto,PlanB
Beniamin Mincu,PlanB
Peter Schiff,PlanB
Lark Davis,PlanB
Rekt Capital,PlanB
XRP Bro,PlanB
David Gokhshtein,PlanB
Mario,PlanB
TheCryptoDog,PlanB
TheMoon,PlanB
CRYPTOBURB,PlanB
Crypto Explorer,PlanB
Michaël van de Poppe,PlanB
Anthony Scaramucci,PlanB
Matt Wallace,PlanB
Willy Woo,PlanB
Will Clemente,PlanB
Dan Gambardello,PlanB
Alex Becker,PlanB
Mia Crypto,PlanB
Erik Voorhees,PlanB
The Wolf of All Streets,PlanB
Ash WSB,PlanB
Benjamin Cowen,PlanB
TRex Crypto,PlanB
Johnny (cryptogodjohn),PlanB
Ran Neuner,PlanB
Girl Gone Crypto,PlanB
Pentosh1,PlanB
Crypto Ape,PlanB
Barby Crypto,PlanB
Itsallrisky,PlanB
Aleksandra Huk,PlanB
Tesla,Coorporate
Paypal,Coorporate
Visa,Coorporate
MasterCard,Coorporate
Lydia,Coorporate
Revolut,Coorporate
Apple,Coorporate
Google,Coorporate
Microsoft,Coorporate
Alphabet,Coorporate
Alibaba,Coorporate
Amazon,Coorporate
Shopify,Coorporate
Nvidia,Coorporate
TCS,Coorporate
Mcdonald,Coorporate
Novartis,Coorporate
Coca Cola,Coorporate
Shell,Coorporate
Accenture,Coorporate
Ledger,Coorporate
Android,Coorporate
TechCrunch,Coorporate
TEDTalks,Coorporate
Azure,Coorporate
Google,Coorporate
SpaceX,Coorporate
NetflixFR,Coorporate
Windows,Coorporate
PSG_inside,Coorporate
Honda,Coorporate
Epicor,Coorporate
Randstad,Coorporate
FIRELLI,Coorporate
dazngroup,Coorporate
Square,Coorporate
Secteur F1,Sport
LaurentDupin_f1,Sport
CanalplusF1,Sport
PierreGASLY,Sport
Charles_Leclerc,Sport
GeorgeRussell63,Sport
OconEsteban,Sport
lance_stroll,Sport
Max33Verstappen,Sport
LandoNorris,Sport
Carlossainz55,Sport
alex_albon,Sport
AlphaTauriF1,Sport
ValtteriBottas,Sport
F1,Sport
yukitsunoda07,Sport
Anto_Giovinazzi,Sport
redbullracing,Sport
danielricciardo,Sport
AlphaTauriF1,Sport
AlpineF1Team,Sport
AstonMartinF1,Sport
alfaromeoorlen,Sport
WilliamsRacing,Sport
AstonMartinF1,Sport
ScuderiaFerrari,Sport
McLarenF1,Sport
MercedesAMGF1,Sport
SChecoPerez,Sport
Rgrosjean,Sport
HaasF1Team,Sport
LewisHamilton,Sport
redbullracing,Sport
alo_oficial,Sport
JeanEricVergne,Sport
Odell Beckham Jr,Sport
KrauseHouseDAO,Sport
adamSoffer,Sport
SP_Influencers,Sport
NFL,Sport
nflnetwork,Sport
espn,Sport
SportsCenter,Sport
NBA,Sport
BleacherReport,Sport
ESPNNFL,Sport
MLB,Sport
NFLonFOX,Sport
Patriots,Sport
AaronRodgers12,Sport
dallascowboys,Sport
Eagles,Sport
steelers,Sport
packers,Sport
Bitcoin,Cryptocurrencies
0xPolygon,Cryptocurrencies
solana,Cryptocurrencies
Uniswap,Cryptocurrencies
AaveAave,Cryptocurrencies
Polkadot,Cryptocurrencies
1inch,Cryptocurrencies
PancakeSwap,Cryptocurrencies
CurveFinance,Cryptocurrencies
SushiSwap,Cryptocurrencies
kucoincom,Cryptocurrencies
dogecoin,Cryptocurrencies
litecoin,Cryptocurrencies
Ripple,Cryptocurrencies
Cardano,Cryptocurrencies
solana,Cryptocurrencies
SatoshiLite,Cryptocurrencies
Polkadot,Cryptocurrencies
Shibtoken,Cryptocurrencies
